genotype_id,mean_yield,mean_height,genomic_score
G003,6.216666666666667,191.5,0.5924999999999999
G007,5.574999999999999,184.5,0.587
G001,5.273333333333333,180.33333333333334,0.577
G005,5.95,188.66666666666666,0.523
G002,4.7299999999999995,169.33333333333334,0.4235
G004,4.125,162.5,0.386
G006,3.9499999999999997,156.5,0.369
