genotype_id,score,yield,height
G001,0.577,5.273333333333333,180.33333333333334
