genotype_id,score,yield,height
G002,0.4235,4.7299999999999995,169.33333333333334
