genotype_id,score,yield,height
G003,0.5924999999999999,6.216666666666667,191.5
